,train,val
0,1.060928482167861,0.9313359771456037
